[
    {
        "name":"Cinema Paradiso", 
        "type":"Drama",
        "classification": "Pelicula",
        "year":"1088",
        "imagen":  "../assets/img/cinema.jpg",
        "url":  "https://www.youtube.com/watch?v=jQq9J-gf-U0"     
    },
    {
        "name":"Gattaca", 
        "type":"Ciencia ficción/Drama",
        "classification": "Pelicula",
        "year":"1997",
        "imagen":  "https://http2.mlstatic.com/dvd-gattaca-experimento-genetico-gattaca-1997-andrew-n-D_NQ_NP_513015-MLM25120137414_102016-F.jpg",
        "url":  "https://www.youtube.com/watch?v=BpzVFdDeWyo"       
    },
    {
        "name":"Predestination", 
        "type":"Ciencia ficción/Suspenso",
        "classification": "Pelicula",
        "year":"2014", 
        "imagen":   "https://unlibroparaestanoche.files.wordpress.com/2015/04/predestination-poster1.jpg",
        "url": "https://www.youtube.com/watch?v=jcQacCfi_pw"     
    },
    {
        "name":"Iron Man 1", 
        "type":"Acción/Ciencia ficción",
        "classification": "Pelicula",
        "year":"2008", 
        "imagen": "https://vignette.wikia.nocookie.net/marvelcinematicuniverse/images/b/bf/Iron_Man_1_Portada.png/revision/latest?cb=20191029194450&path-prefix=es",
        "url": "https://www.youtube.com/watch?v=KAE5ymVLmZg"      
    },
    {
        "name":"Matrix", 
        "type":"Ciencia ficción/Acción",
        "classification": "Pelicula",
        "year":"1999", 
        "imagen":  "../assets/img/matrix.jpg",
        "url": "https://www.youtube.com/watch?v=m8e-FF8MsqU"     
    },
    {
        "name":"Falsa identidad", 
        "type":"Misterio/Suspenso",
        "classification": "Pelicula",
        "year":"2015", 
        "imagen": "https://i.pinimg.com/originals/4f/ba/62/4fba62fc894c75a543ff36c83fcacb49.jpg",
        "url": "https://www.youtube.com/watch?v=AFIyE57xSkI"       
    },
    {
        "name":"Pandorum", 
        "type":"Ciencia ficción/Terror",
        "classification": "Pelicula",
        "year":"2009",  
        "imagen": "../assets/img/pan.jpg",
        "url":  "https://www.youtube.com/watch?v=aLO5OACiXNg"    
    },
    {
        "name":"La isla", 
        "type":"Ciencia ficción/Acción",
        "classification": "Pelicula",
        "year":"2005",  
        "imagen":  "https://r4.abcimg.es/resizer/resizer.php?imagen=https%3A%2F%2Fstatic2.abc.es%2Fmedia%2Fpeliculas%2F000%2F022%2F595%2Fla-isla-1.jpg&nuevoancho=690&medio=abc",
        "url": "https://www.youtube.com/watch?v=I2piOMj5-7Y"    
    },
    {
        "name":"La isla siniestra", 
        "type":"Suspenso/Misterio",
        "classification": "Pelicula",
        "year":"2010", 
        "imagen":  "https://i.pinimg.com/736x/4a/fa/de/4afade80330fdfd569831e664384688c.jpg",
        "url": "https://www.youtube.com/watch?v=95z6iWCjEgc"    
    },


    {
        "name":"House MD", 
        "type":"Comedia",
        "classification": "Serie",
        "year":"2004",
        "temp": "Temp: 8", 
        "imagen":  "../assets/img/house.jpg",
        "url": "https://www.youtube.com/watch?v=MczMB8nU1sY"      
    },
    {
        "name":"Mindhunter", 
        "type":"Drama",
        "classification": "Serie",
        "year":"2017",
        "temp": "Temp: 2", 
        "imagen":  "../assets/img/mid.jpg",
        "url": "https://www.youtube.com/watch?v=Fz5au4VLZjo"     
    },
    {
        "name":"Malcolm in the middle", 
        "type":"Comedia",
        "classification": "Serie",
        "year":"2000",
        "temp": "Temp: 7",  
        "imagen":  "https://encrypted-tbn0.gstatic.com/images?q=tbn%3AANd9GcTdMoO4O8gWMwI60JZFcDpScrcN6n71EGr2b895c-g9RHKHuFX5&usqp=CAU",
        "url": "https://www.youtube.com/watch?v=o6gPg-P5FPg"
    },
    {
        "name":"The Big Bang Theory", 
        "type":"Comedia",
        "classification": "Serie",
        "year":"2007",
        "temp": "Temp: 12", 
        "imagen": "../assets/img/giphy.gif",
        "url": "https://www.youtube.com/watch?v=_uQXxvZ3afQ"      
    },
    {
        "name":"Lucifer", 
        "type":"Misterio",
        "classification": "Serie",
        "year":"2016",
        "temp": "Temp: 4",
        "imagen": "https://pulpfictioncine.com/download/multimedia.normal.86b6943bf7382b16.4c75636966657220546f6d20456c6c69735f6e6f726d616c2e77656270.webp",
        "url": "https://www.youtube.com/watch?v=X4bF_quwNtw"         
    }
]